zone_code,zone_name,year,month,month_name,tickets_booked,tickets_cancelled,passengers_booked,passengers_cancelled,earning,refund,net
ALL,All India,2025,1,January,164926,32199,253335,52006,214384633,37409756,176974877
CR,Central Railway,2025,1,January,1446,252,3067,435,1669119,392089,1277030
EC,East Central Railway,2025,1,January,967,120,1936,2568,1676781,230972,1445809
EO,East Coast Railway,2025,1,January,273,217,804,217,612792,63330,549462
ER,Eastern Railway,2025,1,January,1628,153,1990,193,1677818,281464,1396354
INTERNET,Internet / Online Booking,2025,1,January,148565,29826,218749,45704,189082292,33885022,155197270
KR,Konkan Railway,2025,1,January,109,26,202,29,231584,9094,222490
NC,North Central Railway,2025,1,January,571,88,1175,141,750273,98741,651532
NE,North Eastern Railway,2025,1,January,679,196,2113,217,1611304,223553,1387751
NF,Northeast Frontier Railway,2025,1,January,695,128,2373,179,1545863,228734,1317129
NR,Northern Railway,2025,1,January,2456,336,3950,471,2819216,130655,2688561
NW,North Western Railway,2025,1,January,653,78,1470,174,1676071,138765,1537306
SB,South East Central Railway,2025,1,January,569,67,1229,195,781699,99178,682521
SC,South Central Railway,2025,1,January,677,87,1799,179,1114510,159321,955189
SE,South Eastern Railway,2025,1,January,462,76,918,154,932955,111200,821755
SR,Southern Railway,2025,1,January,2017,215,4506,348,2323805,667866,1655939
SW,South Western Railway,2025,1,January,620,94,1715,140,1837158,173665,1663493
WC,West Central Railway,2025,1,January,781,62,1182,137,1052830,98232,954598
WR,Western Railway,2025,1,January,1758,178,4157,525,2988563,417875,2570688
ALL,All India,2025,2,February,142289,29697,222777,45718,176267467,33207268,143060199
CR,Central Railway,2025,2,February,1303,179,2786,296,1554339,270858,1283481
EC,East Central Railway,2025,2,February,909,99,1766,2145,1614081,196858,1417223
EO,East Coast Railway,2025,2,February,216,183,655,183,483608,54109,429499
ER,Eastern Railway,2025,2,February,1434,119,1658,150,1422189,229473,1192716
INTERNET,Internet / Online Booking,2025,2,February,128515,27731,193710,40535,154905002,30398837,124506165
KR,Konkan Railway,2025,2,February,94,25,174,28,211235,8913,202322
NC,North Central Railway,2025,2,February,432,74,895,120,600106,86215,513891
NE,North Eastern Railway,2025,2,February,514,179,1692,195,1215570,203300,1012270
NF,Northeast Frontier Railway,2025,2,February,648,106,2206,150,1444793,193738,1251055
NR,Northern Railway,2025,2,February,1933,320,3115,446,2318827,123313,2195514
NW,North Western Railway,2025,2,February,477,62,1118,136,1197931,113785,1084146
SB,South East Central Railway,2025,2,February,477,59,1043,168,670461,87782,582679
SC,South Central Railway,2025,2,February,572,71,1589,147,937644,123439,814205
SE,South Eastern Railway,2025,2,February,440,59,885,117,922900,85684,837216
SR,Southern Railway,2025,2,February,1728,161,3886,270,1988933,485115,1503818
SW,South Western Railway,2025,2,February,456,76,1239,113,1396936,134535,1262401
WC,West Central Railway,2025,2,February,642,60,982,135,856742,98025,758717
WR,Western Railway,2025,2,February,1499,134,3378,384,2526170,313289,2212881
ALL,All India,2025,3,March,139831,31876,221347,50748,179566153,35857151,143709002
CR,Central Railway,2025,3,March,1350,190,2796,331,1656144,302572,1353572
EC,East Central Railway,2025,3,March,957,117,1960,2476,1712564,237244,1475320
EO,East Coast Railway,2025,3,March,254,173,778,173,581799,50997,530802
ER,Eastern Railway,2025,3,March,1513,132,1852,166,1484392,243125,1241267
INTERNET,Internet / Online Booking,2025,3,March,125527,29777,190808,44968,157573413,32720784,124852629
KR,Konkan Railway,2025,3,March,97,23,176,25,207075,8543,198532
NC,North Central Railway,2025,3,March,461,80,1005,128,617263,95318,521945
NE,North Eastern Railway,2025,3,March,621,199,2027,213,1431991,211775,1220216
NF,Northeast Frontier Railway,2025,3,March,649,113,2261,162,1427223,213801,1213422
NR,Northern Railway,2025,3,March,1934,314,3252,434,2177173,119149,2058024
NW,North Western Railway,2025,3,March,501,64,1155,138,1260528,116132,1144396
SB,South East Central Railway,2025,3,March,463,66,997,198,651461,97791,553670
SC,South Central Railway,2025,3,March,574,65,1544,139,892266,111902,780364
SE,South Eastern Railway,2025,3,March,415,63,849,126,866673,96252,770421
SR,Southern Railway,2025,3,March,1772,199,4033,335,2082413,614737,1467676
SW,South Western Railway,2025,3,March,516,76,1363,115,1553251,138449,1414802
WC,West Central Railway,2025,3,March,681,64,990,149,912763,97573,815190
WR,Western Railway,2025,3,March,1546,161,3501,472,2477761,381007,2096754
ALL,All India,2025,4,April,168694,39005,272936,61957,215207748,44871314,170336434
CR,Central Railway,2025,4,April,1587,229,3335,380,1904636,354194,1550442
EC,East Central Railway,2025,4,April,1153,137,2267,2869,2043253,264855,1778398
EO,East Coast Railway,2025,4,April,300,233,900,233,686525,72871,613654
ER,Eastern Railway,2025,4,April,1872,148,2277,180,1817938,276374,1541564
INTERNET,Internet / Online Booking,2025,4,April,150811,36555,234804,55280,187729580,41254171,146475409
KR,Konkan Railway,2025,4,April,119,29,222,31,262482,10624,251858
NC,North Central Railway,2025,4,April,612,92,1276,152,801201,110478,690723
NE,North Eastern Railway,2025,4,April,735,196,2413,214,1664662,217912,1446750
NF,Northeast Frontier Railway,2025,4,April,750,153,2632,212,1763624,292230,1471394
NR,Northern Railway,2025,4,April,2500,345,4231,485,2907002,126896,2780106
NW,North Western Railway,2025,4,April,671,87,1547,190,1793200,157800,1635400
SB,South East Central Railway,2025,4,April,638,79,1390,231,888842,118052,770790
SC,South Central Railway,2025,4,April,692,82,1851,166,1090776,146980,943796
SE,South Eastern Railway,2025,4,April,537,77,1110,152,1065443,111508,953935
SR,Southern Railway,2025,4,April,2399,241,5574,401,2799614,709014,2090600
SW,South Western Railway,2025,4,April,666,90,1745,139,1952665,158081,1794584
WC,West Central Railway,2025,4,April,834,72,1227,165,1063162,114448,948714
WR,Western Railway,2025,4,April,1818,160,4135,477,2973143,374826,2598317
ALL,All India,2025,5,May,210170,44156,329392,68563,264094830,51426855,212667975
CR,Central Railway,2025,5,May,1640,262,3408,445,1867405,420518,1446887
EC,East Central Railway,2025,5,May,1289,161,2643,3524,2348135,329430,2018705
EO,East Coast Railway,2025,5,May,309,238,923,238,701241,72572,628669
ER,Eastern Railway,2025,5,May,2020,168,2469,209,2026233,302238,1723995
INTERNET,Internet / Online Booking,2025,5,May,190304,41453,287029,60869,233147183,47323849,185823334
KR,Konkan Railway,2025,5,May,140,36,249,40,302854,13263,289591
NC,North Central Railway,2025,5,May,614,93,1266,153,838318,111878,726440
NE,North Eastern Railway,2025,5,May,832,243,2678,261,1866618,270164,1596454
NF,Northeast Frontier Railway,2025,5,May,861,152,2920,213,2014044,286441,1727603
NR,Northern Railway,2025,5,May,2800,370,4694,509,3191631,137703,3053928
NW,North Western Railway,2025,5,May,726,86,1627,186,1843068,155442,1687626
SB,South East Central Railway,2025,5,May,715,79,1503,227,1018423,117735,900688
SC,South Central Railway,2025,5,May,857,91,2323,194,1421389,159985,1261404
SE,South Eastern Railway,2025,5,May,568,76,1164,149,1170522,113062,1057460
SR,Southern Railway,2025,5,May,2648,267,6146,429,3252307,818464,2433843
SW,South Western Railway,2025,5,May,747,101,2053,157,2296668,187347,2109321
WC,West Central Railway,2025,5,May,842,70,1242,160,1071438,113828,957610
WR,Western Railway,2025,5,May,2258,210,5055,600,3717353,492936,3224417
ALL,All India,2025,6,June,176705,41862,271602,64035,217432955,46103851,171329104
CR,Central Railway,2025,6,June,1476,249,3093,427,1719394,387602,1331792
EC,East Central Railway,2025,6,June,1036,132,2109,2783,1925966,263123,1662843
EO,East Coast Railway,2025,6,June,289,228,877,228,618800,71417,547383
ER,Eastern Railway,2025,6,June,1793,148,2150,187,1737011,275527,1461484
INTERNET,Internet / Online Booking,2025,6,June,159224,39429,234285,57433,190176478,42483009,147693469
KR,Konkan Railway,2025,6,June,116,27,209,30,248607,9315,239292
NC,North Central Railway,2025,6,June,624,78,1289,126,882003,90440,791563
NE,North Eastern Railway,2025,6,June,724,208,2317,229,1678838,234547,1444291
NF,Northeast Frontier Railway,2025,6,June,840,143,2870,199,1898065,263906,1634159
NR,Northern Railway,2025,6,June,2583,337,4264,465,2894385,127291,2767094
NW,North Western Railway,2025,6,June,681,86,1515,189,1801373,157062,1644311
SB,South East Central Railway,2025,6,June,608,65,1339,189,871713,98534,773179
SC,South Central Railway,2025,6,June,781,91,2096,188,1272383,159029,1113354
SE,South Eastern Railway,2025,6,June,535,82,1079,167,1068129,116936,951193
SR,Southern Railway,2025,6,June,2061,216,4803,364,2555575,652709,1902866
SW,South Western Railway,2025,6,June,624,90,1691,137,1802883,161716,1641167
WC,West Central Railway,2025,6,June,851,68,1303,158,1146171,104206,1041965
WR,Western Railway,2025,6,June,1859,185,4313,536,3135181,447482,2687699
ALL,All India,2025,7,July,123232,27469,198385,43464,156444181,30465377,125978804
CR,Central Railway,2025,7,July,1048,176,2235,293,1286051,279549,1006502
EC,East Central Railway,2025,7,July,785,87,1598,1914,1394311,167485,1226826
EO,East Coast Railway,2025,7,July,231,165,717,165,504671,49487,455184
ER,Eastern Railway,2025,7,July,1197,99,1458,124,1212820,187017,1025803
INTERNET,Internet / Online Booking,2025,7,July,110607,25658,171209,38722,136804291,27776477,109027814
KR,Konkan Railway,2025,7,July,91,23,170,24,193928,8555,185373
NC,North Central Railway,2025,7,July,442,67,944,109,599955,78334,521621
NE,North Eastern Railway,2025,7,July,514,172,1648,187,1225819,187181,1038638
NF,Northeast Frontier Railway,2025,7,July,563,117,1975,165,1281623,220471,1061152
NR,Northern Railway,2025,7,July,1775,250,2891,352,1995468,93460,1902008
NW,North Western Railway,2025,7,July,440,57,997,127,1104439,103854,1000585
SB,South East Central Railway,2025,7,July,448,58,934,172,621762,90212,531550
SC,South Central Railway,2025,7,July,516,56,1416,116,838099,99204,738895
SE,South Eastern Railway,2025,7,July,392,53,810,106,820239,77832,742407
SR,Southern Railway,2025,7,July,1660,170,3830,280,1976308,525219,1451089
SW,South Western Railway,2025,7,July,462,75,1231,112,1405111,135713,1269398
WC,West Central Railway,2025,7,July,613,53,927,117,778508,82515,695993
WR,Western Railway,2025,7,July,1448,133,3395,379,2400778,302812,2097966
ALL,All India,2025,8,August,140563,28290,221143,44602,174440174,32235234,142204940
CR,Central Railway,2025,8,August,1286,183,2807,318,1532886,294006,1238880
EC,East Central Railway,2025,8,August,812,109,1597,2332,1500813,222845,1277968
EO,East Coast Railway,2025,8,August,223,173,685,173,508832,53696,455136
ER,Eastern Railway,2025,8,August,1350,121,1594,147,1379945,230513,1149432
INTERNET,Internet / Online Booking,2025,8,August,127125,26354,192571,39230,153440889,29322362,124118527
KR,Konkan Railway,2025,8,August,97,22,182,24,211958,7866,204092
NC,North Central Railway,2025,8,August,430,68,916,112,564495,77321,487174
NE,North Eastern Railway,2025,8,August,536,180,1676,190,1266223,199312,1066911
NF,Northeast Frontier Railway,2025,8,August,590,115,1998,161,1370116,219214,1150902
NR,Northern Railway,2025,8,August,1818,263,3005,359,2074454,95589,1978865
NW,North Western Railway,2025,8,August,526,60,1177,130,1395167,103393,1291774
SB,South East Central Railway,2025,8,August,500,60,1051,175,688649,93580,595069
SC,South Central Railway,2025,8,August,546,62,1469,133,901772,107219,794553
SE,South Eastern Railway,2025,8,August,434,56,871,115,916068,83956,832112
SR,Southern Railway,2025,8,August,1848,183,4290,311,2250974,555992,1694982
SW,South Western Railway,2025,8,August,462,73,1210,109,1400676,127657,1273019
WC,West Central Railway,2025,8,August,577,62,859,143,773089,97485,675604
WR,Western Railway,2025,8,August,1403,146,3185,440,2263168,343228,1919940
ALL,All India,2025,9,September,155986,33612,243970,53145,199667225,37022160,162645065
CR,Central Railway,2025,9,September,1323,212,2744,354,1507806,324874,1182932
EC,East Central Railway,2025,9,September,981,118,1903,2537,1756506,229265,1527241
EO,East Coast Railway,2025,9,September,235,166,718,166,506028,52002,454026
ER,Eastern Railway,2025,9,September,1422,117,1731,147,1419725,217523,1202202
INTERNET,Internet / Online Booking,2025,9,September,141586,31579,213278,47410,177379773,34037909,143341864
KR,Konkan Railway,2025,9,September,93,23,168,25,203872,8425,195447
NC,North Central Railway,2025,9,September,461,71,1004,117,625801,82961,542840
NE,North Eastern Railway,2025,9,September,623,193,2016,206,1400352,203449,1196903
NF,Northeast Frontier Railway,2025,9,September,664,129,2314,183,1468440,237361,1231079
NR,Northern Railway,2025,9,September,1999,284,3212,410,2278352,108967,2169385
NW,North Western Railway,2025,9,September,513,66,1155,146,1352471,118330,1234141
SB,South East Central Railway,2025,9,September,518,54,1113,159,712362,82622,629740
SC,South Central Railway,2025,9,September,621,78,1729,162,1036164,142219,893945
SE,South Eastern Railway,2025,9,September,421,62,846,125,858188,88536,769652
SR,Southern Railway,2025,9,September,1760,173,3978,290,2054883,512603,1542280
SW,South Western Railway,2025,9,September,564,72,1547,109,1682592,131291,1551301
WC,West Central Railway,2025,9,September,703,61,1033,142,922815,95955,826860
WR,Western Railway,2025,9,September,1499,154,3481,457,2501095,347868,2153227
ALL,All India,2025,10,October,172613,35888,270260,56911,219310274,42048229,177262045
CR,Central Railway,2025,10,October,1614,226,3409,379,1959107,347211,1611896
EC,East Central Railway,2025,10,October,1134,135,2215,2873,2116385,264464,1851921
EO,East Coast Railway,2025,10,October,299,239,912,239,640655,73506,567149
ER,Eastern Railway,2025,10,October,1701,131,2062,163,1724153,249284,1474869
INTERNET,Internet / Online Booking,2025,10,October,155462,33441,233842,50235,192729649,38472322,154257327
KR,Konkan Railway,2025,10,October,110,32,204,35,230078,11484,218594
NC,North Central Railway,2025,10,October,639,95,1337,150,867994,108658,759336
NE,North Eastern Railway,2025,10,October,740,213,2344,232,1698408,232435,1465973
NF,Northeast Frontier Railway,2025,10,October,748,137,2610,191,1676351,250661,1425690
NR,Northern Railway,2025,10,October,2431,349,3952,494,2869179,131667,2737512
NW,North Western Railway,2025,10,October,611,76,1415,166,1551541,133074,1418467
SB,South East Central Railway,2025,10,October,569,79,1201,237,791451,115571,675880
SC,South Central Railway,2025,10,October,718,81,1947,164,1139864,144710,995154
SE,South Eastern Railway,2025,10,October,489,66,1022,130,1044322,97010,947312
SR,Southern Railway,2025,10,October,2249,234,5062,382,2638156,700397,1937759
SW,South Western Railway,2025,10,October,601,108,1646,162,1821338,196519,1624819
WC,West Central Railway,2025,10,October,754,67,1100,154,1011068,103441,907627
WR,Western Railway,2025,10,October,1744,179,3980,525,2800575,415815,2384760
ALL,All India,2025,11,November,203982,41400,323035,64105,250929154,47738102,203191052
CR,Central Railway,2025,11,November,1603,261,3364,444,1841433,415437,1425996
EC,East Central Railway,2025,11,November,1202,157,2405,3415,2142891,323750,1819141
EO,East Coast Railway,2025,11,November,359,235,1055,235,797644,72438,725206
ER,Eastern Railway,2025,11,November,2119,170,2583,207,2092653,305756,1786897
INTERNET,Internet / Online Booking,2025,11,November,184521,38744,282318,56597,220840565,43831000,177009565
KR,Konkan Railway,2025,11,November,122,35,217,38,262571,12956,249615
NC,North Central Railway,2025,11,November,646,87,1377,136,913458,104606,808852
NE,North Eastern Railway,2025,11,November,720,233,2357,251,1668740,261337,1407403
NF,Northeast Frontier Railway,2025,11,November,808,153,2733,215,1802287,278810,1523477
NR,Northern Railway,2025,11,November,2826,377,4655,525,3227852,146001,3081851
NW,North Western Railway,2025,11,November,679,94,1524,210,1770882,165327,1605555
SB,South East Central Railway,2025,11,November,677,87,1414,254,969426,125970,843456
SC,South Central Railway,2025,11,November,748,101,2053,207,1174973,184660,990313
SE,South Eastern Railway,2025,11,November,555,76,1110,153,1178199,114278,1063921
SR,Southern Railway,2025,11,November,2637,214,5823,344,3267228,650700,2616528
SW,South Western Railway,2025,11,November,747,118,1978,183,2285115,216300,2068815
WC,West Central Railway,2025,11,November,867,82,1259,188,1159007,127143,1031864
WR,Western Railway,2025,11,November,2146,176,4810,503,3534230,401633,3132597
ALL,All India,2025,12,December,169314,34246,260647,54312,221868090,39365288,182502802
CR,Central Railway,2025,12,December,1680,239,3481,418,2030239,362487,1667752
EC,East Central Railway,2025,12,December,1034,133,2124,2816,1863308,260074,1603234
EO,East Coast Railway,2025,12,December,287,204,878,204,645977,60630,585347
ER,Eastern Railway,2025,12,December,1743,137,2086,164,1733848,255544,1478304
INTERNET,Internet / Online Booking,2025,12,December,152062,31808,223914,47668,195104829,35793772,159311057
KR,Konkan Railway,2025,12,December,109,33,197,35,228963,12096,216867
NC,North Central Railway,2025,12,December,581,86,1247,139,779447,102030,677417
NE,North Eastern Railway,2025,12,December,646,203,2052,222,1538912,230643,1308269
NF,Northeast Frontier Railway,2025,12,December,734,132,2498,192,1688462,247402,1441060
NR,Northern Railway,2025,12,December,2513,403,4228,580,2818145,153672,2664473
NW,North Western Railway,2025,12,December,679,80,1550,179,1710362,142808,1567554
SB,South East Central Railway,2025,12,December,612,72,1336,210,873528,107491,766037
SC,South Central Railway,2025,12,December,689,82,1931,171,1085177,143350,941827
SE,South Eastern Railway,2025,12,December,564,79,1171,160,1180501,119880,1060621
SR,Southern Railway,2025,12,December,2059,222,4643,371,2399948,703389,1696559
SW,South Western Railway,2025,12,December,643,107,1763,166,1953284,198903,1754381
WC,West Central Railway,2025,12,December,833,72,1274,160,1094005,117735,976270
WR,Western Railway,2025,12,December,1846,154,4274,457,3139155,353382,2785773
